i_item_id,i_item_desc,s_state,store_sales_count,store_sales_avg,store_sales_stddev,store_returns_count,store_returns_avg,store_returns_stddev,catalog_sales_count,catalog_sales_avg,catalog_sales_stddev
AAAAAAAAAAABAAAA,Elected ministers look over main links. Colours may not make very christian products; families support just pecu,TN,366928,49.514084507042256,28.85463738948571,374680,21.647058823529413,17.364426166687014,374680,49.83552631578947,29.37767213810802
AAAAAAAAAAABAAAA,Elected ministers look over main links. Colours may not make very christian products; families support just pecu,,18088,54.0,23.13379442065241,18088,21.647058823529413,17.364883012104425,18088,49.83552631578947,29.378445043285677
AAAAAAAAAAACAAAA,"National, only terms will calculate inside thinking, global paintings. Broad papers may go other words. Supreme citizens should see rich runs. Corporate",TN,427136,52.92253521126761,28.586712608603904,430144,34.25,23.474747732715933,427856,54.31550802139037,29.177014348582766
AAAAAAAAAAACAAAA,"National, only terms will calculate inside thinking, global paintings. Broad papers may go other words. Supreme citizens should see rich runs. Corporate",,24064,56.625,32.36167324976031,24064,34.25,23.475208216815457,23936,54.31550802139037,29.177589749924415
AAAAAAAAAAAEAAAA,"Further sole forces suggest perhaps. Once increased ambitions could close more foreign, difficult times. International, economic answers c",TN,590625,53.925714285714285,28.729504878043848,597375,35.96,23.580486229178685,592950,49.45522388059702,27.819971115929967
AAAAAAAAAAAEAAAA,"Further sole forces suggest perhaps. Once increased ambitions could close more foreign, difficult times. International, economic answers c",,30375,48.888888888888886,24.862001428537297,30375,35.96,23.58085465782837,30150,49.45522388059702,27.820409027444292
AAAAAAAAAAAFAAAA,Children might not suggest statutory grounds; previous words tighten real,TN,427136,45.16197183098591,29.238162266522227,403260,27.933333333333334,28.919387317400236,427856,51.93048128342246,28.56538169719929
AAAAAAAAAAAFAAAA,Children might not suggest statutory grounds; previous words tighten real,,24064,26.75,15.172246571783335,22560,27.933333333333334,28.919992424760252,23936,51.93048128342246,28.565945036503145
AAAAAAAAAABAAAAA,Also other c,TN,352352,51.7972027972028,29.05955563015674,334950,29.666666666666668,27.28536442091547,354960,50.50326797385621,30.22104210393493
AAAAAAAAAABAAAAA,Also other c,,27104,47.27272727272727,30.29334498770677,25410,29.666666666666668,27.285860607521695,26928,50.50326797385621,30.221560694414705
AAAAAAAAAABBAAAA,Only independent relationships should join still. More financial policies ought to say short costs. Extensively desperate times used to resume independent n,TN,338664,49.44525547445255,29.558329424026674,338664,33.25,25.416977414630114,338664,49.55825242718446,29.412807394279255
AAAAAAAAAABBAAAA,Only independent relationships should join still. More financial policies ought to say short costs. Extensively desperate times used to resume independent n,,17304,63.0,22.7539931925589,19776,33.25,25.41758253446486,19776,49.55825242718446,29.413507645645126
AAAAAAAAAABDAAAA,"Delightful, direct heads might not near here types. Previously total regions could come also subsequent, black groups. However western years can play also. Well hungry indicators must appear at",TN,423300,50.346666666666664,27.906062577811493,426122,28.058823529411764,23.907867250212973,426122,53.62048192771084,29.29795263498477
AAAAAAAAAABDAAAA,"Delightful, direct heads might not near here types. Previously total regions could come also subsequent, black groups. However western years can play also. Well hungry indicators must appear at",,31042,38.81818181818182,24.786092258617888,31042,28.058823529411764,23.90822429523442,31042,53.62048192771084,29.298390176653232
AAAAAAAAAABEAAAA,Serious schools consider then no longer other talks; shares would bring never gold tasks; goo,TN,341880,54.1554054054054,29.59978599267901,351120,23.0,24.103975910825547,351120,50.58181818181818,28.83248758004731
AAAAAAAAAABEAAAA,Serious schools consider then no longer other talks; shares would bring never gold tasks; goo,,18480,65.25,21.799385656499858,18480,23.0,24.104593775778458,18480,50.58181818181818,28.83322665245786
AAAAAAAAAACAAAAA,Highly past hands will result powerful acres. L,TN,496920,48.11585365853659,29.795552517963777,466620,33.214285714285715,22.139770048828943,497475,50.12935323383085,29.451113660761372
AAAAAAAAAACAAAAA,Highly past hands will result powerful acres. L,,21210,44.857142857142854,30.606176541267427,19796,33.214285714285715,22.140305543920938,21105,50.12935323383085,29.451781812594596
AAAAAAAAAACCAAAA,"Characteristics strike better still other roles. Evil, good stations shall not c",TN,396640,50.08108108108108,29.19081503266683,407360,19.65,16.313434748687044,407360,51.26865671641791,28.541746896227835
AAAAAAAAAACCAAAA,"Characteristics strike better still other roles. Evil, good stations shall not c",,40200,55.46666666666667,29.30990035458709,40200,19.65,16.313617632265,40200,51.26865671641791,28.542066866661678
AAAAAAAAAACDAAAA,"Potential, russian uses create rare suppliers. Roman friends meet yesterday agricultural ways. O",TN,760760,52.74025974025974,28.752388691028653,765700,26.076923076923077,20.71589943641494,757640,52.579787234042556,28.384330700347714
AAAAAAAAAACDAAAA,"Potential, russian uses create rare suppliers. Roman friends meet yesterday agricultural ways. O",,14820,64.66666666666667,24.998621101500863,14820,26.076923076923077,20.716584860885913,14664,52.579787234042556,28.385279840741298
AAAAAAAAAACFAAAA,Neighbouring groups shall not look well professional details. Further ultimate levels mean later in an changes. Nu,TN,352350,50.17816091954023,27.66048831858682,352350,24.4,18.165193911132995,352350,44.925925925925924,29.537621150907132
AAAAAAAAAACFAAAA,Neighbouring groups shall not look well professional details. Further ultimate levels mean later in an changes. Nu,,24300,45.583333333333336,20.168286854409697,24300,24.4,18.16554191434125,24300,44.925925925925924,29.53818702358524
AAAAAAAAAADBAAAA,Sometimes precise departments lo,TN,422496,50.15337423312884,28.30567966955582,425088,19.555555555555557,14.583958940305664,425088,55.951388888888886,27.65950194438406
AAAAAAAAAADBAAAA,Sometimes precise departments lo,,31104,52.333333333333336,28.36808232924932,31104,19.555555555555557,14.584176230266424,31104,55.951388888888886,27.659914050048748
AAAAAAAAAADCAAAA,"Complex days may transfer most effective defendants. Consistent, other days must beat away historic areas. Careers know christian girls. Individual, importa",TN,516000,54.32,27.688127763629566,506540,23.57894736842105,24.456894426504373,530100,48.666666666666664,27.658765176538637
AAAAAAAAAADCAAAA,"Complex days may transfer most effective defendants. Consistent, other days must beat away historic areas. Careers know christian girls. Individual, importa",,37840,58.09090909090909,35.859933211375925,35948,23.57894736842105,24.45721046257217,37620,48.666666666666664,27.659106702448764
AAAAAAAAAADEAAAA,Available qualifications consolidate formally individual police. Important conditions show. Units woul,TN,610272,50.782051282051285,29.873324206422975,614184,29.875,27.244765556434768,614184,49.5521472392638,29.051311780391394
AAAAAAAAAADEAAAA,Available qualifications consolidate formally individual police. Important conditions show. Units woul,,54768,44.357142857142854,18.699319445728072,54768,29.875,27.24499210885543,54768,49.5521472392638,29.051553355052448
AAAAAAAAAADFAAAA,Arms take. Again distinct ,TN,389160,50.304964539007095,27.896232298696965,394680,29.133333333333333,17.977292373172002,394680,48.42934782608695,29.45920965020385
AAAAAAAAAADFAAAA,Arms take. Again distinct ,,24840,65.0,23.31474723657244,24840,29.133333333333333,17.977631470871433,24840,48.42934782608695,29.459765326220776
AAAAAAAAAAEAAAAA,"Public, usual operations tell as wrong, new rights. Major, capable sentences come easily. Perhaps necessary workers laugh ",TN,373176,47.00684931506849,27.369777130793803,362100,32.1764705882353,18.6681341417772,383400,50.15492957746479,29.589791234073704
AAAAAAAAAAEAAAAA,"Public, usual operations tell as wrong, new rights. Major, capable sentences come easily. Perhaps necessary workers laugh ",,33228,62.84615384615385,25.41342011388192,31382,32.1764705882353,18.668405804648437,33228,50.15492957746479,29.590197908720008
AAAAAAAAAAEBAAAA,Just specialist projects speak exactly in a pp.. ,TN,444600,50.1578947368421,28.89255230034047,447525,21.933333333333334,19.72975144382938,440640,50.5625,30.410015221608685
AAAAAAAAAAEBAAAA,Just specialist projects speak exactly in a pp.. ,,38025,45.38461538461539,24.96041469415498,38025,21.933333333333334,19.729988836774936,37440,50.5625,30.41038683927606
AAAAAAAAAAEDAAAA,Later fine tears cannot issue slowly,TN,501930,50.05185185185185,28.78513761243584,509366,35.61538461538461,25.594611274917547,509366,51.19580419580419,29.301036821800707
AAAAAAAAAAEDAAAA,Later fine tears cannot issue slowly,,59488,47.75,29.412192064563946,59488,35.61538461538461,25.594801277570955,59488,51.19580419580419,29.30125433925716
AAAAAAAAAAEEAAAA,"Goals help; quite social ministers receive simple, small items. General, physical methods see in the principles. Women guess m",TN,664062,47.736196319018404,27.14693458321142,632440,21.5,20.619182142818953,664062,51.71134020618557,27.167867872498274
AAAAAAAAAAEEAAAA,"Goals help; quite social ministers receive simple, small items. General, physical methods see in the principles. Women guess m",,36666,60.333333333333336,31.595085815711375,34920,21.5,20.6194610821919,36666,51.71134020618557,27.168217901629525
AAAAAAAAAAFAAAAA,Parts would cut alone conditions. Fully friendly charges get just also economic types. Possible residents would discriminate both for a rules. Designs flush presumably on a levels. ,TN,254280,47.07692307692308,28.599576239033528,254280,19.583333333333332,19.981106717446227,254280,46.9079754601227,28.422549748860423
AAAAAAAAAAFAAAAA,Parts would cut alone conditions. Fully friendly charges get just also economic types. Possible residents would discriminate both for a rules. Designs flush presumably on a levels. ,,7824,24.5,17.22753415373261,7824,19.583333333333332,19.982344458953534,7824,46.9079754601227,28.42431040056337
AAAAAAAAAAFCAAAA,Mat,TN,306180,52.11904761904762,27.434702277874706,293760,30.294117647058822,27.454318240599527,311040,54.407407407407405,28.44474094019442
AAAAAAAAAAFCAAAA,Mat,,41310,45.8235294117647,28.95109010683372,39015,30.294117647058822,27.454623360675676,41310,54.407407407407405,28.445039504603287
AAAAAAAAAAFDAAAA,"Already awful devices should not accept outside years. Black, impressive arts may warn in the changes; cuts admit yesterday foreign, ancient categories. ",TN,456807,50.0125786163522,30.420976807489755,462553,13.647058823529411,10.704277770799134,462553,51.34319526627219,29.96096302859436
AAAAAAAAAAFDAAAA,"Already awful devices should not accept outside years. Black, impressive arts may warn in the changes; cuts admit yesterday foreign, ancient categories. ",,11492,51.75,25.194101163636788,11492,13.647058823529411,10.70473195718568,11492,51.34319526627219,29.962234283117635
AAAAAAAAAAFFAAAA,"Sons come more suitable women; gay, notable ears must not ring financial instances. Old, sensible ideas will",TN,283290,52.669172932330824,29.5502444006062,266392,25.857142857142858,24.850620487644576,283410,51.148936170212764,30.35187618103899
AAAAAAAAAAFFAAAA,"Sons come more suitable women; gay, notable ears must not ring financial instances. Old, sensible ideas will",,6390,31.666666666666668,14.705647388398482,5964,25.857142857142858,24.852657488118847,6345,51.148936170212764,30.354214706695082
AAAAAAAAAAGBAAAA,"At least international relationships think importantly wise efforts. German orders concentrate. Different, only forces forget at least certain",TN,607257,49.56209150326797,27.330684751023316,584766,28.153846153846153,22.239437083074314,603126,48.38356164383562,28.63453215479584
AAAAAAAAAAGBAAAA,"At least international relationships think importantly wise efforts. German orders concentrate. Different, only forces forget at least certain",,31752,47.75,27.344305594966468,34398,28.153846153846153,22.239741340592715,35478,48.38356164383562,28.634911977909045
AAAAAAAAAAGCAAAA,"Studies could overcome low scots. Other, proposed texts will settle growing, substantial rooms. General, old sports will ",TN,941868,50.91228070175438,29.890428206195814,947376,23.11111111111111,17.864381862588132,947376,51.004901960784316,29.315991433432306
AAAAAAAAAAGCAAAA,"Studies could overcome low scots. Other, proposed texts will settle growing, substantial rooms. General, old sports will ",,44064,42.125,26.346254528075345,44064,23.11111111111111,17.864575147069775,44064,51.004901960784316,29.316308619117926
AAAAAAAAAAGEAAAA,"For example managerial variations can adapt. Expectations take apparently operations. Other patterns may share able legs. Certain, old lines could bring usually fresh, public rights. Fr",TN,583800,53.67333333333333,27.43297124460586,562950,26.037037037037038,22.027748691297145,583800,51.935251798561154,30.114246871795594
AAAAAAAAAAGEAAAA,"For example managerial variations can adapt. Expectations take apparently operations. Other patterns may share able legs. Certain, old lines could bring usually fresh, public rights. Fr",,38920,36.7,20.248963799592776,37530,26.037037037037038,22.028022600864293,38920,51.935251798561154,30.11460796100523
AAAAAAAAAAGFAAAA,"Familiar aspects must not support certain politicians. Quite full boundaries present too in a ideas. Royal, acceptable studies meet helplessly. Organisatio",TN,361712,51.63513513513514,28.003935313832176,336144,27.75,17.847178513947803,362219,50.55614973262032,27.855294622886333
AAAAAAAAAAGFAAAA,"Familiar aspects must not support certain politicians. Quite full boundaries present too in a ideas. Royal, acceptable studies meet helplessly. Organisatio",,4888,42.5,37.50383651338661,4512,27.75,17.849130038716005,4862,50.55614973262032,27.858121202170647
AAAAAAAAAAHAAAAA,"Then sensible months would go other, profitable systems. For instance easy cigarettes accommodate perhaps holy changes. Persistent schools should eat. Away white schools would give under. Able grou",TN,548044,51.0945945945946,29.333233163528572,538384,25.045454545454547,22.646468220101788,562856,49.67701863354037,29.048625579461913
AAAAAAAAAAHAAAAA,"Then sensible months would go other, profitable systems. For instance easy cigarettes accommodate perhaps holy changes. Persistent schools should eat. Away white schools would give under. Able grou",,29624,48.5,30.108646618903748,28336,25.045454545454547,22.64684680435289,29624,49.67701863354037,29.049090075470513
AAAAAAAAAAHBAAAA,"Regular months look even public, pregnant shadows. Cases can think yet afraid relationships. Rare, interested causes should seem barely. Things detect; reasonable, sharp trees shall point dreadful, l",TN,427520,50.778443113772454,29.383194069266477,430080,31.8125,25.419556372089698,427392,51.911949685534594,29.743462514641994
AAAAAAAAAAHBAAAA,"Regular months look even public, pregnant shadows. Cases can think yet afraid relationships. Rare, interested causes should seem barely. Things detect; reasonable, sharp trees shall point dreadful, l",,20480,46.75,25.09418753339757,23040,31.8125,25.420078476941423,22896,51.911949685534594,29.7440772727077
AAAAAAAAAAHDAAAA,"Clients must not produce. Different, public hands arise of course yet real teachers. Important, useful directors must identify actions. Poor decisions c",TN,401760,47.81290322580645,28.141793020560463,404352,31.833333333333332,24.66500791908014,401544,52.72027972027972,27.463526963039428
AAAAAAAAAAHDAAAA,"Clients must not produce. Different, public hands arise of course yet real teachers. Important, useful directors must identify actions. Poor decisions c",,20736,59.625,27.184922557702652,20736,31.833333333333332,24.66557217922142,20592,52.72027972027972,27.464159638500888
AAAAAAAAAAHEAAAA,"International, pale affairs give instinctively also given winners. Simple flowers would not sit possibilities. Children stay far positive relationships; days w",TN,183008,55.0,26.90585453638325,183008,19.142857142857142,18.734500518685895,183008,52.63953488372093,27.580997641739184
AAAAAAAAAAHEAAAA,"International, pale affairs give instinctively also given winners. Simple flowers would not sit possibilities. Children stay far positive relationships; days w",,9632,59.75,33.6608843386747,9632,19.142857142857142,18.735421920291788,9632,52.63953488372093,27.582354132428332
AAAAAAAAAAIAAAAA,"Less universal women will not rest ago to a courses; today necessary effects carry more rates. False profits expose. Manufacturing powers might pitch just differences. Good, physical ",TN,494340,53.66233766233766,29.061589845123354,494340,35.2,25.646858103574484,494340,54.57943925233645,28.12592611029906
AAAAAAAAAAIAAAAA,"Less universal women will not rest ago to a courses; today necessary effects carry more rates. False profits expose. Manufacturing powers might pitch just differences. Good, physical ",,32100,60.5,34.497638678084755,32100,35.2,25.6472316557577,32100,54.57943925233645,28.12633577065834
AAAAAAAAAAICAAAA,"Also useful forms assist even movements. New, similar addresses make central, free views. Ago short hundreds produce american senses; fine, spanish provis",TN,443940,50.29801324503311,29.994689973555296,446880,23.095238095238095,21.181562745744746,443688,54.014388489208635,30.57603614597651
AAAAAAAAAAICAAAA,"Also useful forms assist even movements. New, similar addresses make central, free views. Ago short hundreds produce american senses; fine, spanish provis",,29400,46.6,25.11297375998636,29400,23.095238095238095,21.181899285791754,29190,54.014388489208635,30.576525443764567
AAAAAAAAAAIDAAAA,Different legs must ride,TN,332332,52.0,29.07265744248672,332332,30.454545454545453,27.88409942519534,332332,51.027472527472526,28.361220151194516
AAAAAAAAAAIDAAAA,Different legs must ride,,18018,46.0,23.9078915565812,18018,30.454545454545453,27.884831288569185,18018,51.027472527472526,28.361964537375055
AAAAAAAAAAIFAAAA,Christian experiences would turn final expectations. Simply,TN,457380,51.69090909090909,28.87040395526643,460152,15.333333333333334,14.798664667149112,454176,50.98026315789474,29.048646040748313
AAAAAAAAAAIFAAAA,Christian experiences would turn final expectations. Simply,,8316,25.333333333333332,20.288051929952452,8316,15.333333333333334,14.799538436839027,8208,50.98026315789474,29.050383753516645
AAAAAAAAAAJBAAAA,However beautiful prices ought to provide entirely subject extreme gifts. Blue sites would not capture most prisoners. Wo,TN,494760,45.935483870967744,28.25181751395278,501144,26.047619047619047,21.807570015173884,501144,52.19736842105263,29.71734683064228
AAAAAAAAAAJBAAAA,However beautiful prices ought to provide entirely subject extreme gifts. Blue sites would not capture most prisoners. Wo,,28728,65.33333333333333,30.31370772160833,28728,26.047619047619047,21.807927819432837,28728,52.19736842105263,29.717834413314346
AAAAAAAAAAJCAAAA,Others try even consumers. More odd ways will make rumours. Recent laws will not identify carefully ofte,TN,461992,51.01898734177215,28.999261300393268,464916,29.823529411764707,22.83507319775773,464916,50.43604651162791,29.984165309764318
AAAAAAAAAAJCAAAA,Others try even consumers. More odd ways will make rumours. Recent laws will not identify carefully ofte,,35088,54.666666666666664,30.051311005786573,35088,29.823529411764707,22.835374043261506,35088,50.43604651162791,29.984560342494802
AAAAAAAAAAJEAAAA,"Military, new years shall fi",TN,435183,49.9559748427673,29.15465187005729,417312,23.3125,15.786558869561402,443394,50.546583850931675,29.982834327569446
AAAAAAAAAAJEAAAA,"Military, new years shall fi",,27370,39.3,25.219699410090954,25760,23.3125,15.786846379655856,27370,50.546583850931675,29.983348263061817
AAAAAAAAAAJFAAAA,Different days range with the guards. Individual studies may not refer commonly for,TN,1080192,47.97701149425287,28.814113099452843,1086400,26.875,25.57435193767224,1086400,50.28865979381443,31.513375689837467
AAAAAAAAAAJFAAAA,Different days range with the guards. Individual studies may not refer commonly for,,68288,50.81818181818182,29.808143319184534,68288,26.875,25.574527423042927,68288,50.28865979381443,31.513591927434742
AAAAAAAAAAKAAAAA,"Large, keen influences last political documents. Respondents would promote unlikely, limited grounds. Previous years accelerate then. There professional authorities should not believe british v",TN,418572,51.49006622516556,28.407398791124447,418572,31.666666666666668,20.431481633817207,415854,52.37908496732026,28.62198004465335
AAAAAAAAAAKAAAAA,"Large, keen influences last political documents. Respondents would promote unlikely, limited grounds. Previous years accelerate then. There professional authorities should not believe british v",,22176,49.875,33.19878123569468,22176,31.666666666666668,20.431917909182616,22032,52.37908496732026,28.622595207207656
AAAAAAAAAAKBAAAA,"Dead ways help model, mad patients; alone large functions would let almost severe central performances. Australian eyes tell over low, constant blocks. Well alo",TN,798399,45.69005847953216,29.011265543615433,807737,17.043478260869566,17.476649289382724,807737,49.714285714285715,26.80008171079693
AAAAAAAAAAKBAAAA,"Dead ways help model, mad patients; alone large functions would let almost severe central performances. Australian eyes tell over low, constant blocks. Well alo",,28014,47.166666666666664,32.03917703268539,28014,17.043478260869566,17.476950406317496,28014,49.714285714285715,26.800543467414247
AAAAAAAAAAKDAAAA,"Transactions would keep also corporate pp.. Interesting boards abandon homes. Here great details involve tiny, musical rights. Asleep ",TN,444752,53.01298701298701,29.208416932214973,426816,19.61111111111111,19.24158314078965,450528,52.61842105263158,28.612444916847323
AAAAAAAAAAKDAAAA,"Transactions would keep also corporate pp.. Interesting boards abandon homes. Here great details involve tiny, musical rights. Asleep ",,17328,31.833333333333332,18.398145466415208,16416,19.61111111111111,19.242146687890372,17328,52.61842105263158,28.613238810325438
AAAAAAAAAAKEAAAA,British firms go by a pieces; medium relations estimate. Vastly deep modules live below from an sections. A little keen c,TN,647955,51.86666666666667,28.342416143766066,593351,29.526315789473685,25.31148829804321,648795,50.86486486486486,28.682404079945233
AAAAAAAAAAKEAAAA,British firms go by a pieces; medium relations estimate. Vastly deep modules live below from an sections. A little keen c,,35343,50.55555555555556,30.42743276497638,31977,29.526315789473685,25.31186275418185,34965,50.86486486486486,28.68279214284135
AAAAAAAAAALAAAAA,"Ridiculous, mechanical customers get employees. Essential, financial attempts would select like a places. Aware equations put thoroughly inhabitants. Always early numbers could not rear sometimes for ",TN,692160,47.50625,30.445669645038127,696486,21.238095238095237,20.175210858156795,696486,51.93689320388349,27.43362707010659
AAAAAAAAAALAAAAA,"Ridiculous, mechanical customers get employees. Essential, financial attempts would select like a places. Aware equations put thoroughly inhabitants. Always early numbers could not rear sometimes for ",,56238,59.30769230769231,31.28897020793098,56238,21.238095238095237,20.17537575031661,56238,51.93689320388349,27.4338512853601
AAAAAAAAAALCAAAA,Famous talks develop about true origins. Feet dece,TN,514976,53.077922077922075,30.772452273248845,501144,19.857142857142858,19.012009456543087,525008,52.44736842105263,28.88291022557213
AAAAAAAAAALCAAAA,Famous talks develop about true origins. Feet dece,,20064,68.33333333333333,16.069694856811736,19152,19.857142857142858,19.012486852143144,20064,52.44736842105263,28.883602514158664
AAAAAAAAAALDAAAA,Therefore blind offici,TN,666600,47.88666666666666,28.5772936787928,675488,20.181818181818183,18.94163813183127,672144,49.711442786069654,28.836777957221205
AAAAAAAAAALDAAAA,Therefore blind offici,,53328,48.083333333333336,32.80391086010044,53328,20.181818181818183,18.941801709102766,53064,49.711442786069654,28.83702822647633
AAAAAAAAAALFAAAA,Significant terms fetch around,TN,468720,48.69047619047619,28.533000585530516,477090,24.61111111111111,18.921315559844423,477090,53.05161290322581,31.577238745044966
AAAAAAAAAALFAAAA,Significant terms fetch around,,30690,50.54545454545455,26.182876060967402,30690,24.61111111111111,18.921604002282606,30690,53.05161290322581,31.577720118325015
AAAAAAAAAAMBAAAA,"Electronic, popular women ought to believe narrowly technical areas. Psychiatric goods hear widely. Other surroundings shall come for example fashionable, main managers. Financial",TN,316316,53.75316455696203,28.025730237685323,320320,31.285714285714285,24.880979826556686,320320,47.82517482517483,28.662857735299436
AAAAAAAAAAMBAAAA,"Electronic, popular women ought to believe narrowly technical areas. Psychiatric goods hear widely. Other surroundings shall come for example fashionable, main managers. Financial",,26026,50.53846153846154,28.256557560129202,26026,31.285714285714285,24.881419004241092,26026,47.82517482517483,28.663363667444244
AAAAAAAAAAMCAAAA,Thus japan,TN,502320,51.53416149068323,28.913055579002435,511680,33.0,22.07564915814194,509220,50.507246376811594,29.964883160810025
AAAAAAAAAAMCAAAA,Thus japan,,31200,51.3,31.87855975224264,37440,33.0,22.07592240570636,37260,50.507246376811594,29.96525585140859
